<?xml version="1.0" encoding="UTF-8"?>
<project-private xmlns="http://www.netbeans.org/ns/project-private/1">
    <editor-bookmarks xmlns="http://www.netbeans.org/ns/editor-bookmarks/2" lastBookmarkId="0"/>
    <open-files xmlns="http://www.netbeans.org/ns/projectui-open-files/2">
        <group>
            <file>file:/C:/Users/VXH/Downloads/LAP-TRINH-WEB-main%20(3)/LAP-TRINH-WEB-main/SHOPGAMEPTIT/src/java/control/HomeControl.java</file>
            <file>file:/C:/Users/VXH/Downloads/LAP-TRINH-WEB-main%20(3)/LAP-TRINH-WEB-main/SHOPGAMEPTIT/web/QLSP.jsp</file>
            <file>file:/C:/Users/VXH/Downloads/LAP-TRINH-WEB-main%20(3)/LAP-TRINH-WEB-main/SHOPGAMEPTIT/web/assets/css/qlsp.css</file>
            <file>file:/C:/Users/VXH/Downloads/LAP-TRINH-WEB-main%20(3)/LAP-TRINH-WEB-main/SHOPGAMEPTIT/web/Home.jsp</file>
            <file>file:/C:/Users/VXH/Downloads/LAP-TRINH-WEB-main%20(3)/LAP-TRINH-WEB-main/SHOPGAMEPTIT/web/QLAccount.jsp</file>
            <file>file:/C:/Users/VXH/Downloads/LAP-TRINH-WEB-main%20(3)/LAP-TRINH-WEB-main/SHOPGAMEPTIT/src/java/context/Email.java</file>
            <file>file:/C:/Users/VXH/Downloads/LAP-TRINH-WEB-main%20(3)/LAP-TRINH-WEB-main/SHOPGAMEPTIT/src/java/control/LoginControl.java</file>
            <file>file:/C:/Users/VXH/Downloads/LAP-TRINH-WEB-main%20(3)/LAP-TRINH-WEB-main/SHOPGAMEPTIT/web/Login.jsp</file>
            <file>file:/C:/Users/VXH/Downloads/LAP-TRINH-WEB-main%20(3)/LAP-TRINH-WEB-main/SHOPGAMEPTIT/src/java/control/SearchTTControl.java</file>
            <file>file:/C:/Users/VXH/Downloads/LAP-TRINH-WEB-main%20(3)/LAP-TRINH-WEB-main/SHOPGAMEPTIT/src/java/control/EditAccountControl.java</file>
            <file>file:/C:/Users/VXH/Downloads/LAP-TRINH-WEB-main%20(3)/LAP-TRINH-WEB-main/SHOPGAMEPTIT/src/java/control/ForgotPassControl.java</file>
            <file>file:/C:/Users/VXH/Downloads/LAP-TRINH-WEB-main%20(3)/LAP-TRINH-WEB-main/SHOPGAMEPTIT/web/Register.jsp</file>
            <file>file:/C:/Users/VXH/Downloads/LAP-TRINH-WEB-main%20(3)/LAP-TRINH-WEB-main/SHOPGAMEPTIT/src/java/entity/Account.java</file>
            <file>file:/C:/Users/VXH/Downloads/LAP-TRINH-WEB-main%20(3)/LAP-TRINH-WEB-main/SHOPGAMEPTIT/web/EditAccount.jsp</file>
            <file>file:/C:/Users/VXH/Downloads/LAP-TRINH-WEB-main%20(3)/LAP-TRINH-WEB-main/SHOPGAMEPTIT/web/js/qlsp.js</file>
            <file>file:/C:/Users/VXH/Downloads/LAP-TRINH-WEB-main%20(3)/LAP-TRINH-WEB-main/SHOPGAMEPTIT/src/java/control/SearchHomeControl.java</file>
            <file>file:/C:/Users/VXH/Downloads/LAP-TRINH-WEB-main%20(3)/LAP-TRINH-WEB-main/SHOPGAMEPTIT/web/WEB-INF/web.xml</file>
            <file>file:/C:/Users/VXH/Downloads/LAP-TRINH-WEB-main%20(3)/LAP-TRINH-WEB-main/SHOPGAMEPTIT/src/java/context/DBContext.java</file>
            <file>file:/C:/Users/VXH/Downloads/LAP-TRINH-WEB-main%20(3)/LAP-TRINH-WEB-main/SHOPGAMEPTIT/web/SearchHome.jsp</file>
            <file>file:/C:/Users/VXH/Downloads/LAP-TRINH-WEB-main%20(3)/LAP-TRINH-WEB-main/SHOPGAMEPTIT/src/java/control/SearchPriceControl.java</file>
            <file>file:/C:/Users/VXH/Downloads/LAP-TRINH-WEB-main%20(3)/LAP-TRINH-WEB-main/SHOPGAMEPTIT/web/SearchId.jsp</file>
            <file>file:/C:/Users/VXH/Downloads/LAP-TRINH-WEB-main%20(3)/LAP-TRINH-WEB-main/SHOPGAMEPTIT/web/Header.jsp</file>
            <file>file:/C:/Users/VXH/Downloads/LAP-TRINH-WEB-main%20(3)/LAP-TRINH-WEB-main/SHOPGAMEPTIT/src/java/control/QLSPControl.java</file>
            <file>file:/C:/Users/VXH/Downloads/LAP-TRINH-WEB-main%20(3)/LAP-TRINH-WEB-main/SHOPGAMEPTIT/src/java/control/SearchNgocControl.java</file>
            <file>file:/C:/Users/VXH/Downloads/LAP-TRINH-WEB-main%20(3)/LAP-TRINH-WEB-main/SHOPGAMEPTIT/src/java/control/RegisterControl.java</file>
            <file>file:/C:/Users/VXH/Downloads/LAP-TRINH-WEB-main%20(3)/LAP-TRINH-WEB-main/SHOPGAMEPTIT/src/java/control/LoadAccountControl.java</file>
            <file>file:/C:/Users/VXH/Downloads/LAP-TRINH-WEB-main%20(3)/LAP-TRINH-WEB-main/SHOPGAMEPTIT/web/SearchQLAccount.jsp</file>
            <file>file:/C:/Users/VXH/Downloads/LAP-TRINH-WEB-main%20(3)/LAP-TRINH-WEB-main/SHOPGAMEPTIT/src/java/dao/SEARCH.java</file>
            <file>file:/C:/Users/VXH/Downloads/LAP-TRINH-WEB-main%20(3)/LAP-TRINH-WEB-main/SHOPGAMEPTIT/src/java/control/SearchQLAccount.java</file>
            <file>file:/C:/Users/VXH/Downloads/LAP-TRINH-WEB-main%20(3)/LAP-TRINH-WEB-main/SHOPGAMEPTIT/web/SearchNgoc.jsp</file>
            <file>file:/C:/Users/VXH/Downloads/LAP-TRINH-WEB-main%20(3)/LAP-TRINH-WEB-main/SHOPGAMEPTIT/web/assets/css/style.css</file>
            <file>file:/C:/Users/VXH/Downloads/LAP-TRINH-WEB-main%20(3)/LAP-TRINH-WEB-main/SHOPGAMEPTIT/src/java/control/QLAccountControl.java</file>
            <file>file:/C:/Users/VXH/Downloads/LAP-TRINH-WEB-main%20(3)/LAP-TRINH-WEB-main/SHOPGAMEPTIT/src/java/control/DetailControl.java</file>
            <file>file:/C:/Users/VXH/Downloads/LAP-TRINH-WEB-main%20(3)/LAP-TRINH-WEB-main/SHOPGAMEPTIT/src/java/control/SearchQLSPControl.java</file>
            <file>file:/C:/Users/VXH/Downloads/LAP-TRINH-WEB-main%20(3)/LAP-TRINH-WEB-main/SHOPGAMEPTIT/src/java/dao/DAO.java</file>
            <file>file:/C:/Users/VXH/Downloads/LAP-TRINH-WEB-main%20(3)/LAP-TRINH-WEB-main/SHOPGAMEPTIT/web/SearchPrice.jsp</file>
            <file>file:/C:/Users/VXH/Downloads/LAP-TRINH-WEB-main%20(3)/LAP-TRINH-WEB-main/SHOPGAMEPTIT/web/SearchTT.jsp</file>
            <file>file:/C:/Users/VXH/Downloads/LAP-TRINH-WEB-main%20(3)/LAP-TRINH-WEB-main/SHOPGAMEPTIT/web/ForgotPass.jsp</file>
            <file>file:/C:/Users/VXH/Downloads/LAP-TRINH-WEB-main%20(3)/LAP-TRINH-WEB-main/SHOPGAMEPTIT/web/SearchQLSP.jsp</file>
        </group>
    </open-files>
</project-private>
