<?xml version="1.0" encoding="UTF-8"?>
<project-private xmlns="http://www.netbeans.org/ns/project-private/1">
    <editor-bookmarks xmlns="http://www.netbeans.org/ns/editor-bookmarks/2" lastBookmarkId="0"/>
    <open-files xmlns="http://www.netbeans.org/ns/projectui-open-files/2">
        <group>
            <file>file:/D:/JAVA/WebGame/src/java/context/DBcontext.java</file>
            <file>file:/D:/JAVA/WebGame/src/java/entity/Image.java</file>
            <file>file:/D:/JAVA/WebGame/src/java/control/Home.java</file>
            <file>file:/D:/JAVA/WebGame/src/java/control/Login.java</file>
            <file>file:/D:/JAVA/WebGame/web/Register.jsp</file>
            <file>file:/D:/JAVA/WebGame/web/index.html</file>
            <file>file:/D:/JAVA/WebGame/web/Home.jsp</file>
            <file>file:/D:/JAVA/WebGame/web/css/style.css</file>
            <file>file:/D:/JAVA/WebGame/web/Login.jsp</file>
            <file>file:/D:/JAVA/WebGame/src/java/entity/Product.java</file>
            <file>file:/D:/JAVA/WebGame/web/js/app.js</file>
            <file>file:/D:/JAVA/WebGame/src/java/entity/Account.java</file>
            <file>file:/D:/JAVA/WebGame/src/java/dao/DAO.java</file>
            <file>file:/D:/JAVA/WebGame/src/java/control/DangKi.java</file>
        </group>
    </open-files>
</project-private>
